course_name,professor,semester,rating,difficulty,workload_hours,would_take_again,attendance_mandatory,textbook_required,grade_received,review
Introduction to Psychology,Dr. Sarah Johnson,Fall 2024,5,3,8,Yes,No,Yes,A,Excellent course! Professor made complex concepts easy to understand. Loved the real-world applications.
Calculus I,Prof. Michael Chen,Spring 2024,3,5,12,Maybe,Yes,Yes,B,Challenging material but the professor moved too fast. Office hours were helpful though.
World History,Dr. Amanda Rodriguez,Fall 2024,4,3,10,Yes,No,Yes,A-,Very interesting lectures with engaging discussions. Lots of reading but worthwhile.
Computer Science 101,Prof. James Lee,Fall 2024,5,4,15,Yes,No,No,A,Perfect introduction to programming. Clear explanations and hands-on projects made learning fun.
Organic Chemistry,Dr. Robert Williams,Spring 2024,2,5,18,No,Yes,Yes,C+,Extremely difficult. Labs were disorganized and lectures were hard to follow. Need better support.
Creative Writing,Prof. Emily Thompson,Fall 2024,5,2,6,Yes,Yes,No,A,Amazing experience! Professor provided great feedback and the workshop format was very collaborative.
Microeconomics,Dr. David Martinez,Spring 2024,4,4,9,Yes,No,Yes,B+,Solid course with practical examples. Tests were fair but homework was time-consuming.
Public Speaking,Prof. Lisa Anderson,Fall 2024,4,2,5,Yes,Yes,No,A-,Really helped build confidence. Professor was encouraging and provided constructive criticism.
Biology Lab,Dr. Kevin Park,Spring 2024,3,3,7,Maybe,Yes,Yes,B,Lab experiments were interesting but the manual was confusing. TAs were helpful when available.
Philosophy 101,Prof. Thomas Wright,Fall 2024,5,3,8,Yes,No,Yes,A,Mind-blowing content! Made me think differently about life. Discussions were always thought-provoking.
Statistics,Dr. Rachel Kim,Spring 2024,3,4,11,Maybe,No,Yes,B-,Useful material but dry presentation. Would benefit from more real-world examples.
English Literature,Prof. Margaret Davis,Fall 2024,4,3,12,Yes,Yes,Yes,A-,Great selection of books and deep analysis. Essay requirements were intensive but improved my writing.
Physics II,Dr. John Miller,Spring 2024,2,5,16,No,Yes,Yes,C,Too theoretical without enough practical application. Professor seemed unapproachable during office hours.
Digital Marketing,Prof. Jennifer Brown,Fall 2024,5,2,6,Yes,No,No,A,Very relevant to today's job market. Professor has industry experience which added great value.
Art History,Dr. Catherine Moore,Spring 2024,4,2,7,Yes,No,Yes,A,Beautiful imagery and fascinating stories behind famous works. Field trip to the museum was a highlight.
Data Structures,Prof. Andrew Zhang,Fall 2024,4,5,14,Yes,No,No,B+,Challenging but rewarding. Programming assignments were tough but taught me a lot about problem-solving.
Spanish 201,Prof. Maria Garcia,Spring 2024,5,3,8,Yes,Yes,Yes,A,Immersive and fun! Professor only spoke Spanish in class which really helped. Cultural activities were great.
Business Ethics,Dr. Steven Taylor,Fall 2024,3,2,5,Maybe,Yes,Yes,B+,Interesting case studies but discussions sometimes felt repetitive. Good for fulfilling requirements.
Environmental Science,Dr. Patricia Green,Spring 2024,5,3,9,Yes,No,Yes,A-,Eye-opening course about climate change and sustainability. Field work was hands-on and meaningful.
Music Theory,Prof. Daniel White,Fall 2024,4,4,10,Yes,Yes,Yes,B,Complex material but professor broke it down well. Ear training exercises were particularly helpful.
